{"100200":{"id":100200,"name":"召唤","describe":"可召唤宠物，在场上来作战","icon_no":"lan255","effect_no":"huifu","skill_points":[[0,0]],"skill_type":2,"skill_nums":1,"skill_values":[2001],"audio_no":"huifu","skill_multiple":1},"100201":{"id":100201,"name":"召唤-破1","describe":"攻击附近敌对单位0.5倍当前攻击","icon_no":"lan255","effect_no":"wool","skill_points":[[0,0]],"skill_type":2,"skill_nums":1,"skill_values":[1],"audio_no":"wool","skill_multiple":1.5},"100202":{"id":100202,"name":"召唤-破2","describe":"攻击附近敌对单位1倍当前攻击","icon_no":"lan255","effect_no":"wang","skill_points":[[0,0]],"skill_type":2,"skill_nums":1,"skill_values":[1],"audio_no":"wang","skill_multiple":2},"100203":{"id":100203,"name":"召唤-破3","describe":"攻击附近敌对单位1.5倍当前攻击","icon_no":"lan255","effect_no":"wang","skill_points":[[0,0]],"skill_type":2,"skill_nums":1,"skill_values":[1],"audio_no":"wang","skill_multiple":2.5},"100204":{"id":100204,"name":"召唤-破4","describe":"攻击附近敌对单位2倍当前攻击","icon_no":"lan255","effect_no":"huifu","skill_points":[[0,0]],"skill_type":2,"skill_nums":1,"skill_values":[1],"audio_no":"huifu","skill_multiple":3},"100205":{"id":100205,"name":"召唤-破5","describe":"攻击附近敌对单位2.5倍当前攻击","icon_no":"lan255","effect_no":"huifu","skill_points":[[0,0]],"skill_type":2,"skill_nums":1,"skill_values":[1],"audio_no":"huifu","skill_multiple":3.5},"100210":{"id":100210,"name":"召唤-量1","describe":"可召唤宠物数量2","icon_no":"lan255","effect_no":"huifu","skill_points":[[0,0]],"skill_type":2,"skill_nums":2,"skill_values":[2001],"audio_no":"huifu","skill_multiple":1},"100220":{"id":100220,"name":"召唤-量2","describe":"可召唤宠物数量3","icon_no":"lan255","effect_no":"huifu","skill_points":[[0,0]],"skill_type":2,"skill_nums":3,"skill_values":[2001],"audio_no":"huifu","skill_multiple":1},"100230":{"id":100230,"name":"召唤-量3","describe":"可召唤宠物数量4","icon_no":"lan255","effect_no":"huifu","skill_points":[[0,0]],"skill_type":2,"skill_nums":4,"skill_values":[2001],"audio_no":"huifu","skill_multiple":1},"100240":{"id":100240,"name":"召唤-量4","describe":"可召唤宠物数量5","icon_no":"lan255","effect_no":"huifu","skill_points":[[0,0]],"skill_type":2,"skill_nums":5,"skill_values":[2001],"audio_no":"huifu","skill_multiple":1},"100250":{"id":100250,"name":"召唤-量5","describe":"可召唤宠物数量6","icon_no":"lan255","effect_no":"huifu","skill_points":[[0,0]],"skill_type":2,"skill_nums":6,"skill_values":[2001],"audio_no":"huifu","skill_multiple":1},"100300":{"id":100300,"name":"巨剑术","describe":"巨剑术","icon_no":"jujian255","effect_no":"huifu","skill_points":[[0,0]],"skill_type":0,"skill_nums":1,"skill_values":[1],"audio_no":"huifu","skill_multiple":1},"100301":{"id":100301,"name":"巨剑术-面1","describe":"范围1","icon_no":"jujian255","effect_no":"huifu","skill_points":[[0,-1],[0,0],[0,1]],"skill_type":0,"skill_nums":1,"skill_values":[1,2,1],"audio_no":"huifu","skill_multiple":1},"100302":{"id":100302,"name":"巨剑术-面2","describe":"范围2","icon_no":"jujian255","effect_no":"huifu","skill_points":[[0,-2],[0,-1],[0,0],[0,1],[0,2],[-1,0],[1,0]],"skill_type":0,"skill_nums":1,"skill_values":[1,1,2,1,1,1,1],"audio_no":"huifu","skill_multiple":1},"100303":{"id":100303,"name":"巨剑术-面3","describe":"范围3","icon_no":"jujian255","effect_no":"huifu","skill_points":[[0,-3],[0,-2],[0,-1],[0,0],[0,1],[0,2],[0,3],[-1,0],[1,0]],"skill_type":0,"skill_nums":1,"skill_values":[1,1,2,2,2,1,1,2,2],"audio_no":"huifu","skill_multiple":1},"100304":{"id":100304,"name":"巨剑术-面4","describe":"范围4","icon_no":"jujian255","effect_no":"huifu","skill_points":[[0,-3],[0,-2],[0,-1],[0,0],[0,1],[0,2],[0,3],[-1,-1],[-1,0],[-1,1],[1,-1],[1,0],[1,1]],"skill_type":0,"skill_nums":1,"skill_values":[1,1,2,2,2,1,1,1,2,1,1,2,1],"audio_no":"huifu","skill_multiple":1},"100305":{"id":100305,"name":"巨剑术-面5","describe":"范围5","icon_no":"jujian255","effect_no":"huifu","skill_points":[[0,-4],[0,-3],[0,-2],[0,-1],[0,0],[0,1],[0,2],[0,3],[0,4],[-1,-2],[-1,-1],[-1,0],[-1,1],[-1,2],[1,-2],[1,-1],[1,0],[1,1],[1,2]],"skill_type":0,"skill_nums":1,"skill_values":[1,1,1,2,2,2,1,1,1,1,1,2,1,1,1,1,2,1,1],"audio_no":"huifu","skill_multiple":1},"100310":{"id":100310,"name":"巨剑术-力1","describe":"基础伤害的150%","icon_no":"jujian255","effect_no":"huifu","skill_points":[[0,0]],"skill_type":0,"skill_nums":1,"skill_values":[1],"audio_no":"huifu","skill_multiple":1.5},"100320":{"id":100320,"name":"巨剑术-力2","describe":"基础伤害的200%","icon_no":"jujian255","effect_no":"huifu","skill_points":[[0,0]],"skill_type":0,"skill_nums":1,"skill_values":[1],"audio_no":"huifu","skill_multiple":2},"100330":{"id":100330,"name":"巨剑术-力3","describe":"基础伤害的250%","icon_no":"jujian255","effect_no":"huifu","skill_points":[[0,0]],"skill_type":0,"skill_nums":1,"skill_values":[1],"audio_no":"huifu","skill_multiple":2.5},"100340":{"id":100340,"name":"巨剑术-力4","describe":"基础伤害的300%","icon_no":"jujian255","effect_no":"huifu","skill_points":[[0,0]],"skill_type":0,"skill_nums":1,"skill_values":[1],"audio_no":"huifu","skill_multiple":3},"100350":{"id":100350,"name":"巨剑术-力5","describe":"基础伤害的350%","icon_no":"jujian255","effect_no":"huifu","skill_points":[[0,0]],"skill_type":0,"skill_nums":1,"skill_values":[1],"audio_no":"huifu","skill_multiple":3.5},"100400":{"id":100400,"name":"劈剑术","describe":"劈剑术","icon_no":"pi255","effect_no":"huifu","skill_points":[[0,0]],"skill_type":0,"skill_nums":1,"skill_values":[1],"audio_no":"huifu","skill_multiple":1},"100401":{"id":100401,"name":"劈剑术-面1","describe":"范围1","icon_no":"pi255","effect_no":"huifu","skill_points":[[-1,0],[0,0],[1,0]],"skill_type":0,"skill_nums":1,"skill_values":[1,2,1],"audio_no":"huifu","skill_multiple":1},"100402":{"id":100402,"name":"劈剑术-面2","describe":"范围2","icon_no":"pi255","effect_no":"huifu","skill_points":[[-2,0],[-1,0],[0,0],[1,0],[2,0],[0,1],[0,-1]],"skill_type":0,"skill_nums":1,"skill_values":[1,1,2,1,1,1,1],"audio_no":"huifu","skill_multiple":1},"100403":{"id":100403,"name":"劈剑术-面3","describe":"范围3","icon_no":"pi255","effect_no":"huifu","skill_points":[[-3,0],[-2,0],[-1,0],[0,0],[1,0],[2,0],[3,0],[0,1],[0,-1]],"skill_type":0,"skill_nums":1,"skill_values":[1,1,2,2,2,1,1,2,2],"audio_no":"huifu","skill_multiple":1},"100404":{"id":100404,"name":"劈剑术-面4","describe":"范围4","icon_no":"pi255","effect_no":"huifu","skill_points":[[-3,0],[-2,0],[-1,0],[0,0],[1,0],[2,0],[3,0],[-1,1],[0,1],[1,1],[-1,-1],[-1,0],[-1,1]],"skill_type":0,"skill_nums":1,"skill_values":[1,1,2,2,2,1,1,1,2,1,1,2,1],"audio_no":"huifu","skill_multiple":1},"100405":{"id":100405,"name":"劈剑术-面5","describe":"范围5","icon_no":"pi255","effect_no":"huifu","skill_points":[[-4,0],[-3,0],[-2,0],[-1,0],[0,0],[1,0],[2,0],[3,0],[4,0],[-2,1],[-1,1],[0,1],[1,1],[2,1],[-2,-1],[-1,-1],[0,-1],[1,-1],[2,-1]],"skill_type":0,"skill_nums":1,"skill_values":[1,1,1,2,2,2,1,1,1,1,1,2,1,1,1,1,2,1,1],"audio_no":"huifu","skill_multiple":1},"100410":{"id":100410,"name":"劈剑术-力1","describe":"基础伤害的150%","icon_no":"pi255","effect_no":"huifu","skill_points":[[0,0]],"skill_type":0,"skill_nums":1,"skill_values":[1],"audio_no":"huifu","skill_multiple":1.5},"100420":{"id":100420,"name":"劈剑术-力2","describe":"基础伤害的200%","icon_no":"pi255","effect_no":"huifu","skill_points":[[0,0]],"skill_type":0,"skill_nums":1,"skill_values":[1],"audio_no":"huifu","skill_multiple":2},"100430":{"id":100430,"name":"劈剑术-力3","describe":"基础伤害的250%","icon_no":"pi255","effect_no":"huifu","skill_points":[[0,0]],"skill_type":0,"skill_nums":1,"skill_values":[1],"audio_no":"huifu","skill_multiple":2.5},"100440":{"id":100440,"name":"劈剑术-力4","describe":"基础伤害的300%","icon_no":"pi255","effect_no":"huifu","skill_points":[[0,0]],"skill_type":0,"skill_nums":1,"skill_values":[1],"audio_no":"huifu","skill_multiple":3},"100450":{"id":100450,"name":"劈剑术-力5","describe":"基础伤害的350%","icon_no":"pi255","effect_no":"huifu","skill_points":[[0,0]],"skill_type":0,"skill_nums":1,"skill_values":[1],"audio_no":"huifu","skill_multiple":3.5},"200100":{"id":200100,"name":"念头通达-1","describe":"可布置飞剑数量1","icon_no":"yinian255","effect_no":"wool","skill_points":[[0,0]],"skill_type":2,"skill_nums":1,"skill_values":[1],"audio_no":"yinian255","skill_multiple":1},"200110":{"id":200110,"name":"念头通达-2","describe":"可布置飞剑数量2","icon_no":"yinian255","effect_no":"wool","skill_points":[[0,0]],"skill_type":2,"skill_nums":2,"skill_values":[1],"audio_no":"wool","skill_multiple":1},"200120":{"id":200120,"name":"念头通达-3","describe":"可布置飞剑数量3","icon_no":"yinian255","effect_no":"wang","skill_points":[[0,0]],"skill_type":2,"skill_nums":3,"skill_values":[1],"audio_no":"wang","skill_multiple":1},"200130":{"id":200130,"name":"念头通达-4","describe":"可布置飞剑数量4","icon_no":"yinian255","effect_no":"wang","skill_points":[[0,0]],"skill_type":2,"skill_nums":4,"skill_values":[1],"audio_no":"wang","skill_multiple":1},"200140":{"id":200140,"name":"念头通达-5","describe":"可布置飞剑数量5","icon_no":"yinian255","effect_no":"huifu","skill_points":[[0,0]],"skill_type":2,"skill_nums":5,"skill_values":[1],"audio_no":"huifu","skill_multiple":1},"200500":{"id":200500,"name":"震剑诀-1","describe":"消除行后，触发震动-可激活下方1格内的飞剑","icon_no":"zhen255","effect_no":"huifu","skill_points":[[0,0]],"skill_type":4,"skill_nums":1,"skill_values":[1],"audio_no":"huifu","skill_multiple":1},"200510":{"id":200510,"name":"震剑诀-2","describe":"消除行后，触发震动-可激活下方2格内的飞剑","icon_no":"zhen255","effect_no":"huifu","skill_points":[[0,0]],"skill_type":4,"skill_nums":1,"skill_values":[1],"audio_no":"huifu","skill_multiple":2},"200520":{"id":200520,"name":"震剑诀-3","describe":"消除行后，触发震动-可激活下方3格内的飞剑","icon_no":"zhen255","effect_no":"huifu","skill_points":[[0,0]],"skill_type":4,"skill_nums":1,"skill_values":[1],"audio_no":"huifu","skill_multiple":3},"200530":{"id":200530,"name":"震剑诀-4","describe":"消除行后，触发震动-可激活下方4格内的飞剑","icon_no":"zhen255","effect_no":"huifu","skill_points":[[0,0]],"skill_type":4,"skill_nums":1,"skill_values":[1],"audio_no":"huifu","skill_multiple":4},"200540":{"id":200540,"name":"震剑诀-5","describe":"消除行后，触发震动-可激活下方5格内的飞剑","icon_no":"zhen255","effect_no":"huifu","skill_points":[[0,0]],"skill_type":4,"skill_nums":1,"skill_values":[1],"audio_no":"huifu","skill_multiple":5},"200600":{"id":200600,"name":"升剑诀-1","describe":"提升当前控制飞剑4点攻击","icon_no":"sheng255","effect_no":"huifu","skill_points":[[0,0]],"skill_type":4,"skill_nums":1,"skill_values":[1],"audio_no":"huifu","skill_multiple":7},"200610":{"id":200610,"name":"升剑诀-2","describe":"提升当前控制飞剑8点攻击","icon_no":"sheng255","effect_no":"huifu","skill_points":[[0,0]],"skill_type":4,"skill_nums":1,"skill_values":[1],"audio_no":"huifu","skill_multiple":8},"200620":{"id":200620,"name":"升剑诀-3","describe":"提升当前控制飞剑12点攻击","icon_no":"sheng255","effect_no":"huifu","skill_points":[[0,0]],"skill_type":4,"skill_nums":1,"skill_values":[1],"audio_no":"huifu","skill_multiple":9},"200630":{"id":200630,"name":"升剑诀-4","describe":"提升当前控制飞剑16点攻击","icon_no":"sheng255","effect_no":"huifu","skill_points":[[0,0]],"skill_type":4,"skill_nums":1,"skill_values":[1],"audio_no":"huifu","skill_multiple":10},"200640":{"id":200640,"name":"升剑诀-5","describe":"提升当前控制飞剑20点攻击","icon_no":"sheng255","effect_no":"huifu","skill_points":[[0,0]],"skill_type":4,"skill_nums":1,"skill_values":[1],"audio_no":"huifu","skill_multiple":11},"200700":{"id":200700,"name":"连剑诀-1","describe":"有20%概率提升飞剑再次连击","icon_no":"lian255","effect_no":"huifu","skill_points":[[0,0]],"skill_type":4,"skill_nums":1,"skill_values":[1],"audio_no":"huifu","skill_multiple":0.2},"200710":{"id":200710,"name":"连剑诀-2","describe":"有40%概率,使得飞剑再次连击","icon_no":"lian255","effect_no":"huifu","skill_points":[[0,0]],"skill_type":4,"skill_nums":1,"skill_values":[1],"audio_no":"huifu","skill_multiple":0.4},"200720":{"id":200720,"name":"连剑诀-3","describe":"有60%概率,使得飞剑再次连击","icon_no":"lian255","effect_no":"huifu","skill_points":[[0,0]],"skill_type":4,"skill_nums":1,"skill_values":[1],"audio_no":"huifu","skill_multiple":0.6},"200730":{"id":200730,"name":"连剑诀-4","describe":"有80%概率,使得飞剑再次连击","icon_no":"lian255","effect_no":"huifu","skill_points":[[0,0]],"skill_type":4,"skill_nums":1,"skill_values":[1],"audio_no":"huifu","skill_multiple":0.8},"200740":{"id":200740,"name":"连剑诀-5","describe":"有100%概率,使得飞剑再次连击","icon_no":"lian255","effect_no":"huifu","skill_points":[[0,0]],"skill_type":4,"skill_nums":1,"skill_values":[1],"audio_no":"huifu","skill_multiple":1},"200800":{"id":200800,"name":"换剑诀-1","describe":"技能类cd使用缩小到4回合","icon_no":"huan255","effect_no":"huifu","skill_points":[[0,0]],"skill_type":4,"skill_nums":1,"skill_values":[1],"audio_no":"huifu","skill_multiple":12},"200810":{"id":200810,"name":"换剑诀-2","describe":"技能类cd使用缩小到3回合","icon_no":"huan255","effect_no":"huifu","skill_points":[[0,0]],"skill_type":4,"skill_nums":1,"skill_values":[1],"audio_no":"huifu","skill_multiple":13},"200820":{"id":200820,"name":"换剑诀-3","describe":"技能类cd使用缩小到2回合","icon_no":"huan255","effect_no":"huifu","skill_points":[[0,0]],"skill_type":4,"skill_nums":1,"skill_values":[1],"audio_no":"huifu","skill_multiple":14},"200830":{"id":200830,"name":"换剑诀-4","describe":"技能类cd使用缩小到1回合","icon_no":"huan255","effect_no":"huifu","skill_points":[[0,0]],"skill_type":4,"skill_nums":1,"skill_values":[1],"audio_no":"huifu","skill_multiple":15},"200840":{"id":200840,"name":"换剑诀-5","describe":"技能类cd无回合cd限制","icon_no":"huan255","effect_no":"huifu","skill_points":[[0,0]],"skill_type":4,"skill_nums":1,"skill_values":[1],"audio_no":"huifu","skill_multiple":16},"200900":{"id":200900,"name":"收剑诀-1","describe":"每次入鞘，成长值增加24点*每把","icon_no":"shou255","effect_no":"huifu","skill_points":[[0,0]],"skill_type":4,"skill_nums":1,"skill_values":[1],"audio_no":"huifu","skill_multiple":1.2},"200910":{"id":200910,"name":"收剑诀-2","describe":"每次入鞘，成长值增加28点*每把","icon_no":"shou255","effect_no":"huifu","skill_points":[[0,0]],"skill_type":4,"skill_nums":1,"skill_values":[1],"audio_no":"huifu","skill_multiple":1.4},"200920":{"id":200920,"name":"收剑诀-3","describe":"每次入鞘，成长值增加32点*每把","icon_no":"shou255","effect_no":"huifu","skill_points":[[0,0]],"skill_type":4,"skill_nums":1,"skill_values":[1],"audio_no":"huifu","skill_multiple":1.6},"200930":{"id":200930,"name":"收剑诀-4","describe":"每次入鞘，成长值增加36点*每把","icon_no":"shou255","effect_no":"huifu","skill_points":[[0,0]],"skill_type":4,"skill_nums":1,"skill_values":[1],"audio_no":"huifu","skill_multiple":1.8},"200940":{"id":200940,"name":"收剑诀-5","describe":"每次入鞘，成长值增加40点*每把","icon_no":"shou255","effect_no":"huifu","skill_points":[[0,0]],"skill_type":4,"skill_nums":1,"skill_values":[1],"audio_no":"huifu","skill_multiple":2},"201000":{"id":201000,"name":"仙剑诀-1","describe":"被动仙剑技能伤害增加1点","icon_no":"xian255","effect_no":"huifu","skill_points":[[0,0]],"skill_type":4,"skill_nums":1,"skill_values":[1],"audio_no":"huifu","skill_multiple":22},"201010":{"id":201010,"name":"仙剑诀-2","describe":"被动仙剑技能伤害增加2点","icon_no":"xian255","effect_no":"huifu","skill_points":[[0,0]],"skill_type":4,"skill_nums":1,"skill_values":[1],"audio_no":"huifu","skill_multiple":23},"201020":{"id":201020,"name":"仙剑诀-3","describe":"被动仙剑技能伤害增加3点","icon_no":"xian255","effect_no":"huifu","skill_points":[[0,0]],"skill_type":4,"skill_nums":1,"skill_values":[1],"audio_no":"huifu","skill_multiple":24},"201030":{"id":201030,"name":"仙剑诀-4","describe":"被动仙剑技能伤害增加4点","icon_no":"xian255","effect_no":"huifu","skill_points":[[0,0]],"skill_type":4,"skill_nums":1,"skill_values":[1],"audio_no":"huifu","skill_multiple":25},"201040":{"id":201040,"name":"仙剑诀-5","describe":"被动仙剑技能伤害增加5点","icon_no":"xian255","effect_no":"huifu","skill_points":[[0,0]],"skill_type":4,"skill_nums":1,"skill_values":[1],"audio_no":"huifu","skill_multiple":26}}