{"1001":{"id":1001,"name":"飞剑","describe":"飞剑","unit_type":1,"skills":[3],"model_no":"sword","icon_no":"sword256","scale":1},"2001":{"id":2001,"name":"狼","describe":"无技能的低级狼","unit_type":2,"skills":0,"model_no":"wolf","icon_no":"wolf256","scale":1},"2002":{"id":2002,"name":"狼蛛","describe":"无技能的低级狼蛛","unit_type":2,"skills":[1],"model_no":"aula","icon_no":"aula256","scale":1},"2003":{"id":2003,"name":"魔法师","describe":"无技能的低级魔法师","unit_type":2,"skills":[2],"model_no":"magician","icon_no":"magician256","scale":1},"3001":{"id":3001,"name":"阵旗","describe":"阵旗","unit_type":3,"skills":0,"model_no":"zhenqi","icon_no":"zhenqi256","scale":1}}